Topic,Text
Sport,The Indonesian national soccer team secured a victory in a friendly match against a neighboring country with a score of 3-1. This win brings great hope to soccer fans across the nation.
Sport,An Indonesian Formula 1 racer made history by reaching the podium at an international race. This achievement paves the way for the next generation of aspiring professional racers!
Sport,"An Indonesian badminton star became the champion at the world badminton tournament held in Denmark. With aggressive strategy and smart play, they defeated their opponents."
Sport,"The Indonesian Olympic team is preparing for the upcoming Olympics. They are undergoing intense training, hoping to bring home gold medals."
Sport,"A new record was set at the Jakarta Marathon by a Kenyan runner; who recorded the fastest time in the event's history. Thousands of participants took part, making it one of the largest marathons in Southeast Asia."
Sport,A major upset occurred in the Indonesian Basketball League; when the underdog team managed to defeat the defending champions. Fans were astonished - and celebrated with cheers.
Sport,An Indonesian swimmer broke the national record at the swimming championships: in the freestyle event. This was a significant achievement for the young athlete.
Sport,Indonesia's first women's soccer league has just been launched! This league provides greater opportunities for female athletes to shine in the world of soccer.
Sport,The e-sports scene in Indonesia is growing. A national e-sports tournament; attracted thousands of participants from all over the country. This competition featured various popular games and showed significant growth in the local e-sports industry.
Sport,"The Indonesian taekwondo team won several gold medals at the Asian Taekwondo Championship. These athletes demonstrated exceptional skill and high dedication, strengthening Indonesia's reputation in the international taekwondo arena."
Health,A major city hospital has launched a free vaccination program for children under the age of 12. This program aims to increase vaccination coverage and reduce the risk of infectious diseases in children. Parents are encouraged to register their children for the free vaccinations.
Health,"A biotech company has announced the launch of a new gene therapy designed to treat rare diseases. This therapy uses advanced technology to repair defective genes, providing hope for patients who previously had limited treatment options."
Health,"A recent study suggests that consuming organic food can reduce the risk of developing cancer. The study found a significant correlation between an organic diet and a lower risk of various types of cancer, providing further motivation for people to choose organic foods."
Health,"A local hospital has opened a telemedicine clinic allowing patients to consult with doctors via video call or phone application. This service is designed to provide more accessible healthcare, especially during the COVID-19 pandemic."
Health,"A recent study shows that meditation has significant benefits for mental health, including reducing stress levels and enhancing overall happiness. The findings strengthen the view that meditation can be an effective tool for boosting well-being."
Health,"A major pharmaceutical company has launched a new vaccine designed to protect against seasonal viruses. This vaccine is expected to offer additional protection for vulnerable groups, such as children and the elderly, ahead of the flu season."
Health,A study has found that good quality sleep can reduce the risk of heart disease. The research suggests that people who sleep at least 7-8 hours per night have a lower risk of heart disease compared to those who sleep less.
Health,"The COVID-19 pandemic has driven many innovations in healthcare systems, including the use of technology for remote consultations and more efficient information systems. This report discusses how the pandemic has acted as a catalyst for positive changes in healthcare delivery."
Health,Wearable technology such as smartwatches and fitness trackers is increasingly used to monitor health and physical activity. This news explores the benefits of this technology in helping people maintain their health and detect health issues early.
Health,"A new mental health clinic has opened in the city to provide better access to therapy and counseling services. The clinic is designed to help those experiencing mental disorders or needing emotional support, offering various programs to support mental well-being."
Finance,The central bank announced an interest rate hike as a measure to control rising inflation. This move is expected to reduce pressure on consumer prices and maintain economic stability.
Finance,A financial technology company (fintech) launched a new digital payment service that facilitates transactions between users. This service aims to increase efficiency and convenience in financial transactions.
Finance,The stock market has seen significant declines due to global economic uncertainty. Investors are more cautious about investing because of unclear economic directions in the coming months.
Finance,"Cryptocurrency assets are gaining popularity among the public, with many people interested in investing in digital currencies such as Bitcoin and Ethereum. However, there are concerns about volatility and the risks associated with these investments."
Finance,The national bank announced a special credit program aimed at small and medium enterprises (SMEs). This program is designed to assist SMEs affected by the pandemic and support local economic growth.
Finance,"The government has proposed a bill to regulate the financial industry, including banking, insurance, and other financial institutions. The bill aims to improve transparency and protect consumers from unfair financial practices."
Finance,Many financial companies are starting to use artificial intelligence (AI) technology to analyze financial data. This technology helps companies make smarter investment decisions and reduce risks.
Finance,"The real estate sector is showing signs of recovery after experiencing a downturn. Housing prices are beginning to rise, and interest in buying property is returning, indicating optimism in this sector."
Finance,A new financial education program has been introduced in schools to teach young people about financial management and the importance of saving. The program aims to help young people become more financially literate.
Finance,A major bank announced plans to merge with another financial institution to expand service reach and improve operational efficiency. This merger is expected to create a stronger financial entity capable of competing on a global scale.
Sport,"England defeated Italy 2-1 to win the UEFA Nations League Finals. The match was held at Wembley Stadium on July 10, 2023. This is England's first major trophy since winning the 1966 World Cup."
Sport,"India defeated New Zealand by 7 wickets to win the ICC World Test Championship. The match was held at Southampton on June 23, 2023. This is India's first World Test Championship title."
Sport,The Golden State Warriors defeated the Boston Celtics in 6 games to win the NBA Finals. This is the Warriors' fourth NBA championship in 8 years.
Sport,"Rafael Nadal defeated Casper Ruud in 4 sets to win the French Open. This is Nadal's 14th French Open title, a record."
Sport,Mutaz Essa Barshim of Qatar won the high jump gold medal at the World Athletics Championships. He cleared 2.37 meters to defeat runner-up Andriy Protsenko of Ukraine.
Sport,Katie Ledecky of Australia won the 400m freestyle gold medal at the World Aquatics Championships. She swam a time of 3:58.52 to defeat runner-up Ariarne Titmus of Australia.
Sport,Simone Biles of the United States won the all-around gold medal at the World Gymnastics Championships. She scored a total of 59.400 points to defeat runner-up Sunisa Lee of the United States.
Sport,"South Africa defeated England 32-12 to win the Rugby World Cup. The match was held at Stade de France on October 29, 2023. This is South Africa's third Rugby World Cup title."
Sport,The Atlanta Braves defeated the Houston Astros in 6 games to win the World Series. This is the Braves' first World Series title since 1995.
Sport,The Colorado Avalanche defeated the Tampa Bay Lightning in 6 games to win the Stanley Cup. This is the Avalanche's third Stanley Cup title in franchise history.
Sport,"World No. 1 Tai Tzu-ying of Taiwan successfully defended her Malaysia Open title, defeating China's Chen Yufei in an exciting three-set battle. This victory marks her record-breaking seventh Malaysia Open championship."
Sport,"Sentinels dominated the competition, taking down Fnatic from Europe in the grand finals. This win solidifies their position as a top contender in the Valorant esports scene."
Sport,"American golfer Collin Morikawa delivered a masterful performance at St Andrews, capturing his second major title after conquering the prestigious Open Championship."
Sport,"Dutch tactician Erik ten Hag has been appointed as the new manager of Manchester United, taking over from interim boss Ralf Rangnick. Ten Hag arrives at Old Trafford with a reputation for playing an attacking brand of football, having led Ajax to three consecutive Eredivisie titles and a run to the Champions League semi-finals."
Sport,"Despite the arrival of new manager Erik ten Hag, Cristiano Ronaldo's future at Manchester United remains uncertain. The Portuguese superstar has reportedly been unsettled by the club's lack of success in recent years and could be open to a move away this summer."
Sport,Chelsea are reportedly close to signing Raheem Sterling from Manchester City for a fee of around £50 million. The England winger is seen as a key target for new Blues boss Thomas Tuchel as he looks to reshape his squad ahead of the new season.
Sport,Arsenal are set to announce the signing of Porto midfielder Fabio Vieira for a fee of around £34 million. The 18-year-old is considered one of the most promising young talents in Europe and is expected to add creativity and flair to Arsenal's midfield.
Sport,"Bayern Munich are reportedly close to signing Liverpool forward Sadio Mane for a fee of around £40 million. The Senegalese international has been a key player for Liverpool in recent years, helping them win the Premier League and Champions League titles."
Sport,Barcelona have reportedly reached an agreement with Leeds United for the signing of winger Raphinha for a fee of around £50 million. The Brazilian has been a standout performer for Leeds in the Premier League and is expected to add pace and dribbling ability to Barcelona's attack.
Sport,"Tottenham Hotspur have signed experienced winger Ivan Perisic from Inter Milan on a free transfer. The 33-year-old Croatian brings a wealth of experience to the Spurs squad, having won numerous trophies with Inter Milan and Bayern Munich."
Health,"A new study published in the journal Heart has found that eating a Mediterranean diet can lower the risk of heart disease. The study followed over 7,000 people for 15 years and found that those who ate a Mediterranean diet had a 25% lower risk of developing heart disease compared to those who did not. The Mediterranean diet is rich in fruits, vegetables, whole grains, legumes, and nuts, and it is low in red meat and processed foods."
Health,"Scientists have developed a new vaccine that could protect against all strains of influenza. The vaccine, which is still in the early stages of development, uses a new approach that targets a part of the influenza virus that is not prone to mutation. This means that the vaccine could potentially provide lifelong protection against the flu."
Health,"A new drug has shown promise in treating Alzheimer's disease. The drug, which is still in clinical trials, appears to slow the progression of the disease and improve cognitive function in patients. If the drug is approved for use, it could be a major breakthrough in the treatment of Alzheimer's disease."
Health,"A new study has found that moderate exercise can reduce the risk of cancer. The study, which followed over 1 million people for 14 years, found that those who engaged in at least 150 minutes of moderate-intensity exercise per week had a lower risk of developing cancer than those who did not exercise."
Health,"New research suggests that gut bacteria may play a role in obesity. The study, which involved mice, found that mice with certain types of gut bacteria were more likely to gain weight than mice with other types of gut bacteria. The findings suggest that it may be possible to manipulate gut bacteria to help people lose weight."
Health,"Scientists have developed a new blood test that can detect cancer early. The test, which is still in the early stages of development, can detect cancer cells in the bloodstream before they have formed tumors. This could allow for earlier diagnosis and treatment of cancer, which could improve survival rates."
Health,"A new gene therapy has shown promise in treating cystic fibrosis. The therapy, which is still in clinical trials, appears to improve lung function and reduce the number of infections in patients with cystic fibrosis. If the therapy is approved for use, it could be a major breakthrough in the treatment of this life-threatening disease."
Health,"A new study has found that air pollution can increase the risk of heart disease. The study, which followed over 6 million people for 15 years, found that those who lived in areas with high levels of air pollution had a higher risk of developing heart disease than those who lived in areas with low levels of air pollution."
Health,"New research suggests that sleep deprivation can lead to obesity. The study, which involved mice, found that mice that were sleep-deprived were more likely to gain weight than mice that were allowed to sleep normally. The findings suggest that getting enough sleep is important for maintaining a healthy weight."
Health,"Scientists have developed a new vaccine that could protect against malaria. The vaccine, which is still in the early stages of development, appears to be effective in preventing people from contracting malaria. If the vaccine is approved for use, it could be a major breakthrough in the fight against this deadly disease."
Health,"A new study published in the journal Nutrients has found that vitamin D may help protect against COVID-19. The study, which involved over 10,000 people, found that those who had higher levels of vitamin D were less likely to be hospitalized with COVID-19. More research is needed to confirm these findings,"
Health,"Scientists have developed a new antibody treatment that could be effective against all variants of COVID-19. The treatment, which is still in clinical trials, appears to be able to neutralize the virus and prevent it from infecting cells. If the treatment is approved for use, it could be a major step forward in the fight against the pandemic."
Health,"New research suggests that long COVID, the prolonged symptoms that some people experience after recovering from COVID-19, may be caused by an autoimmune response. The study, which involved 100 people with long COVID, found that they had elevated levels of antibodies that attack their own tissues. This suggests that long COVID may be a form of autoimmune disease."
Health,"A new study has found that children who eat a healthy diet are less likely to develop mental health problems. The study, which followed over 2,000 children for 10 years, found that those who ate a diet rich in fruits, vegetables, and whole grains were less likely to develop depression, anxiety, and other mental health disorders."
Health,"New research suggests that stress can lead to hair loss. The study, which involved 100 people with hair loss, found that they had higher levels of stress hormones in their blood. This suggests that stress may trigger a condition called alopecia areata, which causes hair to fall out in patches."
Health,"Scientists have developed a new device that can detect skin cancer early. The device, which is still in the early stages of development, uses a combination of light and sound to scan the skin for cancerous cells. If the device is approved for use, it could help to save lives by detecting skin cancer early enough to treat it effectively."
Health,"A new study has found that exercise can improve brain health. The study, which involved over 1,000 people, found that those who exercised regularly had better memory and cognitive function than those who did not exercise. The findings suggest that exercise may help to protect against age-related decline in brain function."
Health,"New research suggests that gut bacteria may play a role in mental health. The study, which involved mice, found that mice with certain types of gut bacteria were more likely to experience anxiety and depression than mice with other types of gut bacteria. The findings suggest that it may be possible to manipulate gut bacteria to improve mental health."
Health,"Scientists have developed a new vaccine that could protect against HIV. The vaccine, which is still in the early stages of development, appears to be effective in preventing people from contracting HIV. If the vaccine is approved for use, it could be a major breakthrough in the fight against this deadly virus."
Health,"A new study has found that air pollution can increase the risk of dementia. The study, which followed over 2 million people for 10 years, found that those who lived in areas with high levels of air pollution had a higher risk of developing dementia than those who lived in areas with low levels of air pollution."
Finance,"US inflation reaches 8.6% in May, matching 40-year high. The consumer price index rose 8.6% in May over the previous year, matching the highest level since December 1981. The increase was driven by higher energy and food prices."
Finance,"The Federal Reserve raised interest rates by 75 basis points, the largest single increase since 1994, in an effort to combat soaring inflation. The move will likely raise borrowing costs for consumers and businesses."
Finance,"The stock market suffered its worst day since June 2020 as investors reacted to the Federal Reserve's decision to raise interest rates by 75 basis points. The S&P 500 index fell 3.25%, the Dow Jones Industrial Average dropped 2.4%, and the Nasdaq Composite lost 4.3%."
Finance,"The price of Bitcoin fell below $20,000 for the first time since December 2021, as the cryptocurrency market continued to sell off amid concerns about a recession. The price of Bitcoin has now lost over 70% of its value from its all-time high of $68,789.63 in November 2021."
Finance,"The European Central Bank raised interest rates for the first time in 11 years, in an effort to combat rising inflation. The move will likely raise borrowing costs for consumers and businesses in the eurozone."
Finance,"The Bank of England raised interest rates for the fifth time in a row, in an effort to combat rising inflation. The move will likely raise borrowing costs for consumers and businesses in the UK."
Finance,"The Japanese yen fell to a 24-year low against the US dollar, as the Bank of Japan's commitment to ultra-low interest rates continues to weigh on the currency. The yen has lost over 20% of its value against the dollar in the past year."
Finance,"China's economy slowed in the second quarter of 2023 as COVID-19 lockdowns in Shanghai and other major cities weighed on growth. The economy grew just 0.4% in the second quarter, compared with 4.8% in the first quarter."
Finance,"Global oil prices rose above $120 per barrel for the first time since 2012, as concerns about supply disruptions from Russia's war in Ukraine continue to support prices."
Finance,"Gold prices rose above $1,800 per ounce for the first time since May 2022, as investors sought safe haven assets amid concerns about a recession. Gold is often seen as a safe haven asset during times of economic uncertainty."
Finance,US consumer confidence fell to its lowest level since February 2021 as concerns about inflation and rising interest rates weighed on consumers. The University of Michigan's Consumer Sentiment Index fell to 78.9 in June from 82.9 in May.
Finance,"Home prices continued to rise in May despite rising interest rates, as strong demand and limited supply kept prices elevated. The median sale price of a new home rose 10.8% in May from a year earlier to $459,600."
Finance,"US retail sales rose in May, despite concerns about inflation, as consumers continued to spend. Retail sales rose 0.7% in May from the previous month."
Finance,"Business inventories rose in April, as businesses continued to build up stocks to meet demand. Business inventories rose 0.2% in April from the previous month."
Finance,Manufacturing activity slowed in June as supply chain disruptions continued to weigh on the sector. The Institute
Finance,"Cryptocurrency exchange Coinbase announced layoffs of approximately 1,100 employees, or 18% of its workforce, citing the recent downturn in the cryptocurrency market. The company is also scaling back on some projects and initiatives."
Finance,"Elon Musk put his $44 billion acquisition of Twitter on hold, citing concerns about the number of spam bots on the platform. Musk has said that the deal cannot proceed unless Twitter can provide proof that less than 5% of its daily active users are spam bots."
Finance,"Japanese investment giant SoftBank posted a record quarterly loss of $23.4 billion, due to a sell-off in technology stocks. The company has invested heavily in technology companies in recent years, and the recent decline in tech stock prices has led to significant losses for SoftBank."
Finance,"The International Monetary Fund (IMF) lowered its global economic growth forecast for 2023 to 3.6%, down from its previous forecast of 4.4%. The downgrade is due to the war in Ukraine, rising inflation, and tightening monetary policy."
Finance,"Debt levels for US households reached record highs in the first quarter of 2023, driven by rising home prices and car loans. Total household debt in the US now stands at $16.15 trillion."
